{"cameraMode":{"drawMode":0,"name":"Shaded","section":"Shading Mode"},"sceneLighting":true,"audioPlay":false,"sceneViewState":{"showFog":true,"showMaterialUpdate":false,"showSkybox":true,"showFlares":true,"showImageEffects":true,"showParticleSystems":true},"in2DMode":false,"pivot":{"x":1.5668864250183106,"y":7.6478376388549809,"z":-2.2600936889648439},"rotation":{"x":-0.2597191035747528,"y":-0.024039020761847497,"z":0.006468143314123154,"w":-0.9653633236885071},"size":28.769441604614259,"orthographic":false}